qaemail100@notboomrat.com,password,1241
qaemail101@notboomrat.com,password,1242
qaemail102@notboomrat.com,password,1243
qaemail103@notboomrat.com,password,1244
qaemail104@notboomrat.com,password,1245
qaemail105@notboomrat.com,password,1246
qaemail106@notboomrat.com,password,1247
qaemail107@notboomrat.com,password,1248
qaemail108@notboomrat.com,password,1249
qaemail109@notboomrat.com,password,1250
qaemail110@notboomrat.com,password,1251
qaemail111@notboomrat.com,password,1252
qaemail112@notboomrat.com,password,1253
qaemail113@notboomrat.com,password,1254
qaemail114@notboomrat.com,password,1255
qaemail115@notboomrat.com,password,1256
qaemail116@notboomrat.com,password,1257
qaemail117@notboomrat.com,password,1258
qaemail118@notboomrat.com,password,1259
qaemail119@notboomrat.com,password,1260
qaemail120@notboomrat.com,password,1261
qaemail121@notboomrat.com,password,1262
qaemail122@notboomrat.com,password,1263
qaemail123@notboomrat.com,password,1264
qaemail124@notboomrat.com,password,1265
qaemail125@notboomrat.com,password,1266
qaemail126@notboomrat.com,password,1267
qaemail127@notboomrat.com,password,1268
qaemail128@notboomrat.com,password,1269
qaemail129@notboomrat.com,password,1270
qaemail130@notboomrat.com,password,1271
qaemail131@notboomrat.com,password,1272
qaemail132@notboomrat.com,password,1273
qaemail133@notboomrat.com,password,1274
qaemail134@notboomrat.com,password,1275
qaemail135@notboomrat.com,password,1276
qaemail136@notboomrat.com,password,1277
qaemail137@notboomrat.com,password,1278
qaemail138@notboomrat.com,password,1279
qaemail139@notboomrat.com,password,1280
qaemail140@notboomrat.com,password,1281
qaemail141@notboomrat.com,password,1282
qaemail142@notboomrat.com,password,1283
qaemail143@notboomrat.com,password,1284
qaemail144@notboomrat.com,password,1285
qaemail145@notboomrat.com,password,1286
qaemail146@notboomrat.com,password,1287
qaemail147@notboomrat.com,password,1288
qaemail148@notboomrat.com,password,1289
qaemail149@notboomrat.com,password,1290
qaemail150@notboomrat.com,password,1291
qaemail151@notboomrat.com,password,1292
qaemail152@notboomrat.com,password,1293
qaemail153@notboomrat.com,password,1294
qaemail154@notboomrat.com,password,1295
qaemail155@notboomrat.com,password,1296
qaemail156@notboomrat.com,password,1297
qaemail157@notboomrat.com,password,1298
qaemail158@notboomrat.com,password,1299
qaemail159@notboomrat.com,password,1300
qaemail160@notboomrat.com,password,1301
qaemail161@notboomrat.com,password,1302
qaemail162@notboomrat.com,password,1303
qaemail163@notboomrat.com,password,1304
qaemail164@notboomrat.com,password,1305
qaemail165@notboomrat.com,password,1306
qaemail166@notboomrat.com,password,1307
qaemail167@notboomrat.com,password,1308
qaemail168@notboomrat.com,password,1309
qaemail169@notboomrat.com,password,1310
qaemail170@notboomrat.com,password,1311
qaemail171@notboomrat.com,password,1312
qaemail172@notboomrat.com,password,1313
qaemail173@notboomrat.com,password,1314
qaemail174@notboomrat.com,password,1315
qaemail175@notboomrat.com,password,1316
qaemail176@notboomrat.com,password,1317
qaemail177@notboomrat.com,password,1318
qaemail178@notboomrat.com,password,1319
qaemail179@notboomrat.com,password,1320
qaemail180@notboomrat.com,password,1321
qaemail181@notboomrat.com,password,1322
qaemail182@notboomrat.com,password,1323
qaemail183@notboomrat.com,password,1324
qaemail184@notboomrat.com,password,1325
qaemail185@notboomrat.com,password,1326
qaemail186@notboomrat.com,password,1327
qaemail187@notboomrat.com,password,1328
qaemail188@notboomrat.com,password,1329
qaemail189@notboomrat.com,password,1330
qaemail190@notboomrat.com,password,1331
qaemail191@notboomrat.com,password,1332
qaemail192@notboomrat.com,password,1333
qaemail193@notboomrat.com,password,1334
qaemail194@notboomrat.com,password,1335
qaemail195@notboomrat.com,password,1336
qaemail196@notboomrat.com,password,1337
qaemail197@notboomrat.com,password,1338
qaemail198@notboomrat.com,password,1339
qaemail199@notboomrat.com,password,1340
qaemail200@notboomrat.com,password,1341
qaemail201@notboomrat.com,password,1342
qaemail202@notboomrat.com,password,1343
qaemail203@notboomrat.com,password,1344
qaemail204@notboomrat.com,password,1345
qaemail205@notboomrat.com,password,1346
qaemail206@notboomrat.com,password,1347
qaemail207@notboomrat.com,password,1348
qaemail208@notboomrat.com,password,1349
qaemail209@notboomrat.com,password,1350
qaemail210@notboomrat.com,password,1351
qaemail211@notboomrat.com,password,1352
qaemail212@notboomrat.com,password,1353
qaemail213@notboomrat.com,password,1354
qaemail214@notboomrat.com,password,1355
qaemail215@notboomrat.com,password,1356
qaemail216@notboomrat.com,password,1357
qaemail217@notboomrat.com,password,1358
qaemail218@notboomrat.com,password,1359
qaemail219@notboomrat.com,password,1360
qaemail220@notboomrat.com,password,1361
qaemail221@notboomrat.com,password,1362
qaemail222@notboomrat.com,password,1363
qaemail223@notboomrat.com,password,1364
qaemail224@notboomrat.com,password,1365
qaemail225@notboomrat.com,password,1366
qaemail226@notboomrat.com,password,1367
qaemail227@notboomrat.com,password,1368
qaemail228@notboomrat.com,password,1369
qaemail229@notboomrat.com,password,1370
qaemail230@notboomrat.com,password,1371
qaemail231@notboomrat.com,password,1372
qaemail232@notboomrat.com,password,1373
qaemail233@notboomrat.com,password,1374
qaemail234@notboomrat.com,password,1375
qaemail235@notboomrat.com,password,1376
qaemail236@notboomrat.com,password,1377
qaemail237@notboomrat.com,password,1378
qaemail238@notboomrat.com,password,1379
qaemail239@notboomrat.com,password,1380
qaemail240@notboomrat.com,password,1381
qaemail241@notboomrat.com,password,1382
qaemail242@notboomrat.com,password,1383
qaemail243@notboomrat.com,password,1384
qaemail244@notboomrat.com,password,1385
qaemail245@notboomrat.com,password,1386
qaemail246@notboomrat.com,password,1387
qaemail247@notboomrat.com,password,1388
qaemail248@notboomrat.com,password,1389
qaemail249@notboomrat.com,password,1390
qaemail250@notboomrat.com,password,1391
qaemail251@notboomrat.com,password,1392
qaemail252@notboomrat.com,password,1393
qaemail253@notboomrat.com,password,1394
qaemail254@notboomrat.com,password,1395
qaemail255@notboomrat.com,password,1396
qaemail256@notboomrat.com,password,1397
qaemail257@notboomrat.com,password,1398
qaemail258@notboomrat.com,password,1399
qaemail259@notboomrat.com,password,1400
qaemail260@notboomrat.com,password,1401
qaemail261@notboomrat.com,password,1402
qaemail262@notboomrat.com,password,1403
qaemail263@notboomrat.com,password,1404
qaemail264@notboomrat.com,password,1405
qaemail265@notboomrat.com,password,1406
qaemail266@notboomrat.com,password,1407
qaemail267@notboomrat.com,password,1408
qaemail268@notboomrat.com,password,1409
qaemail269@notboomrat.com,password,1410
qaemail270@notboomrat.com,password,1411
qaemail271@notboomrat.com,password,1412
qaemail272@notboomrat.com,password,1413
qaemail273@notboomrat.com,password,1414
qaemail274@notboomrat.com,password,1415
qaemail275@notboomrat.com,password,1416
qaemail276@notboomrat.com,password,1417
qaemail277@notboomrat.com,password,1418
qaemail278@notboomrat.com,password,1419
qaemail279@notboomrat.com,password,1420
qaemail280@notboomrat.com,password,1421
qaemail281@notboomrat.com,password,1422
qaemail282@notboomrat.com,password,1423
qaemail283@notboomrat.com,password,1424
qaemail284@notboomrat.com,password,1425
qaemail285@notboomrat.com,password,1426
qaemail286@notboomrat.com,password,1427
qaemail287@notboomrat.com,password,1428
qaemail288@notboomrat.com,password,1429
qaemail289@notboomrat.com,password,1430
qaemail290@notboomrat.com,password,1431
qaemail291@notboomrat.com,password,1432
qaemail292@notboomrat.com,password,1433
qaemail293@notboomrat.com,password,1434
qaemail294@notboomrat.com,password,1435
qaemail295@notboomrat.com,password,1436
qaemail296@notboomrat.com,password,1437
qaemail297@notboomrat.com,password,1438
qaemail298@notboomrat.com,password,1439
qaemail299@notboomrat.com,password,1440
qaemail300@notboomrat.com,password,1441
qaemail301@notboomrat.com,password,1442
qaemail302@notboomrat.com,password,1443
qaemail303@notboomrat.com,password,1444
qaemail304@notboomrat.com,password,1445
qaemail305@notboomrat.com,password,1446
qaemail306@notboomrat.com,password,1447
qaemail307@notboomrat.com,password,1448
qaemail308@notboomrat.com,password,1449
qaemail309@notboomrat.com,password,1450
qaemail310@notboomrat.com,password,1451
qaemail311@notboomrat.com,password,1452
qaemail312@notboomrat.com,password,1453
qaemail313@notboomrat.com,password,1454
qaemail314@notboomrat.com,password,1455
qaemail315@notboomrat.com,password,1456
qaemail316@notboomrat.com,password,1457
qaemail317@notboomrat.com,password,1458
qaemail318@notboomrat.com,password,1459
qaemail319@notboomrat.com,password,1460
qaemail320@notboomrat.com,password,1461
qaemail321@notboomrat.com,password,1462
qaemail322@notboomrat.com,password,1463
qaemail323@notboomrat.com,password,1464
qaemail324@notboomrat.com,password,1465
qaemail325@notboomrat.com,password,1466
qaemail326@notboomrat.com,password,1467
qaemail327@notboomrat.com,password,1468
qaemail328@notboomrat.com,password,1469
qaemail329@notboomrat.com,password,1470
qaemail330@notboomrat.com,password,1471
qaemail331@notboomrat.com,password,1472
qaemail332@notboomrat.com,password,1473
qaemail333@notboomrat.com,password,1474
qaemail334@notboomrat.com,password,1475
qaemail335@notboomrat.com,password,1476
qaemail336@notboomrat.com,password,1477
qaemail337@notboomrat.com,password,1478
qaemail338@notboomrat.com,password,1479
qaemail339@notboomrat.com,password,1480
qaemail340@notboomrat.com,password,1481
qaemail341@notboomrat.com,password,1482
qaemail342@notboomrat.com,password,1483
qaemail343@notboomrat.com,password,1484
qaemail344@notboomrat.com,password,1485
qaemail345@notboomrat.com,password,1486
qaemail346@notboomrat.com,password,1487
qaemail347@notboomrat.com,password,1488
qaemail348@notboomrat.com,password,1489
qaemail349@notboomrat.com,password,1490
qaemail350@notboomrat.com,password,1491
qaemail351@notboomrat.com,password,1492
qaemail352@notboomrat.com,password,1493
qaemail353@notboomrat.com,password,1494
qaemail354@notboomrat.com,password,1495
qaemail355@notboomrat.com,password,1496
qaemail356@notboomrat.com,password,1497
qaemail357@notboomrat.com,password,1498
qaemail358@notboomrat.com,password,1499
qaemail359@notboomrat.com,password,1500
qaemail360@notboomrat.com,password,1501
qaemail361@notboomrat.com,password,1502
qaemail362@notboomrat.com,password,1503
qaemail363@notboomrat.com,password,1504
qaemail364@notboomrat.com,password,1505
qaemail365@notboomrat.com,password,1506
qaemail366@notboomrat.com,password,1507
qaemail367@notboomrat.com,password,1508
qaemail368@notboomrat.com,password,1509
qaemail369@notboomrat.com,password,1510
qaemail370@notboomrat.com,password,1511
qaemail371@notboomrat.com,password,1512
qaemail372@notboomrat.com,password,1513
qaemail373@notboomrat.com,password,1514
qaemail374@notboomrat.com,password,1515
qaemail375@notboomrat.com,password,1516
qaemail376@notboomrat.com,password,1517
qaemail377@notboomrat.com,password,1518
qaemail378@notboomrat.com,password,1519
qaemail379@notboomrat.com,password,1520
qaemail380@notboomrat.com,password,1521
qaemail381@notboomrat.com,password,1522
qaemail382@notboomrat.com,password,1523
qaemail383@notboomrat.com,password,1524
qaemail384@notboomrat.com,password,1525
qaemail385@notboomrat.com,password,1526
qaemail386@notboomrat.com,password,1527
qaemail387@notboomrat.com,password,1528
qaemail388@notboomrat.com,password,1529
qaemail389@notboomrat.com,password,1530
qaemail390@notboomrat.com,password,1531
qaemail391@notboomrat.com,password,1532
qaemail392@notboomrat.com,password,1533
qaemail393@notboomrat.com,password,1534
qaemail394@notboomrat.com,password,1535
qaemail395@notboomrat.com,password,1536
qaemail396@notboomrat.com,password,1537
qaemail397@notboomrat.com,password,1538
qaemail398@notboomrat.com,password,1539
qaemail399@notboomrat.com,password,1540
qaemail400@notboomrat.com,password,1541
qaemail401@notboomrat.com,password,1542
qaemail402@notboomrat.com,password,1543
qaemail403@notboomrat.com,password,1544
qaemail404@notboomrat.com,password,1545
qaemail405@notboomrat.com,password,1546
qaemail406@notboomrat.com,password,1547
qaemail407@notboomrat.com,password,1548
qaemail408@notboomrat.com,password,1549
qaemail409@notboomrat.com,password,1550
qaemail410@notboomrat.com,password,1551
qaemail411@notboomrat.com,password,1552
qaemail412@notboomrat.com,password,1553
qaemail413@notboomrat.com,password,1554
qaemail414@notboomrat.com,password,1555
qaemail415@notboomrat.com,password,1556
qaemail416@notboomrat.com,password,1557
qaemail417@notboomrat.com,password,1558
qaemail418@notboomrat.com,password,1559
qaemail419@notboomrat.com,password,1560
qaemail420@notboomrat.com,password,1561
qaemail421@notboomrat.com,password,1562
qaemail422@notboomrat.com,password,1563
qaemail423@notboomrat.com,password,1564
qaemail424@notboomrat.com,password,1565
qaemail425@notboomrat.com,password,1566
qaemail426@notboomrat.com,password,1567
qaemail427@notboomrat.com,password,1568
qaemail428@notboomrat.com,password,1569
qaemail429@notboomrat.com,password,1570
qaemail430@notboomrat.com,password,1571
qaemail431@notboomrat.com,password,1572
qaemail432@notboomrat.com,password,1573
qaemail433@notboomrat.com,password,1574
qaemail434@notboomrat.com,password,1575
qaemail435@notboomrat.com,password,1576
qaemail436@notboomrat.com,password,1577
qaemail437@notboomrat.com,password,1578
qaemail438@notboomrat.com,password,1579
qaemail439@notboomrat.com,password,1580
qaemail440@notboomrat.com,password,1581
qaemail441@notboomrat.com,password,1582
qaemail442@notboomrat.com,password,1583
qaemail443@notboomrat.com,password,1584
qaemail444@notboomrat.com,password,1585
qaemail445@notboomrat.com,password,1586
qaemail446@notboomrat.com,password,1587
qaemail447@notboomrat.com,password,1588
qaemail448@notboomrat.com,password,1589
qaemail449@notboomrat.com,password,1590
qaemail450@notboomrat.com,password,1591
qaemail451@notboomrat.com,password,1592
qaemail452@notboomrat.com,password,1593
qaemail453@notboomrat.com,password,1594
qaemail454@notboomrat.com,password,1595
qaemail455@notboomrat.com,password,1596
qaemail456@notboomrat.com,password,1597
qaemail457@notboomrat.com,password,1598
qaemail458@notboomrat.com,password,1599
qaemail459@notboomrat.com,password,1600
qaemail460@notboomrat.com,password,1601
qaemail461@notboomrat.com,password,1602
qaemail462@notboomrat.com,password,1603
qaemail463@notboomrat.com,password,1604
qaemail464@notboomrat.com,password,1605
qaemail465@notboomrat.com,password,1606
qaemail466@notboomrat.com,password,1607
qaemail467@notboomrat.com,password,1608
qaemail468@notboomrat.com,password,1609
qaemail469@notboomrat.com,password,1610
qaemail470@notboomrat.com,password,1611
qaemail471@notboomrat.com,password,1612
qaemail472@notboomrat.com,password,1613
qaemail473@notboomrat.com,password,1614
qaemail474@notboomrat.com,password,1615
qaemail475@notboomrat.com,password,1616
qaemail476@notboomrat.com,password,1617
qaemail477@notboomrat.com,password,1618
qaemail478@notboomrat.com,password,1619
qaemail479@notboomrat.com,password,1620
qaemail480@notboomrat.com,password,1621
qaemail481@notboomrat.com,password,1622
qaemail482@notboomrat.com,password,1623
qaemail483@notboomrat.com,password,1624
qaemail484@notboomrat.com,password,1625
qaemail485@notboomrat.com,password,1626
qaemail486@notboomrat.com,password,1627
qaemail487@notboomrat.com,password,1628
qaemail488@notboomrat.com,password,1629
qaemail489@notboomrat.com,password,1630
qaemail490@notboomrat.com,password,1631
qaemail491@notboomrat.com,password,1632
qaemail492@notboomrat.com,password,1633
qaemail493@notboomrat.com,password,1634
qaemail494@notboomrat.com,password,1635
qaemail495@notboomrat.com,password,1636
qaemail496@notboomrat.com,password,1637
qaemail497@notboomrat.com,password,1638
qaemail498@notboomrat.com,password,1639
qaemail499@notboomrat.com,password,1640
qaemail500@notboomrat.com,password,1641
qaemail501@notboomrat.com,password,1642
qaemail502@notboomrat.com,password,1643
qaemail503@notboomrat.com,password,1644
qaemail504@notboomrat.com,password,1645
qaemail505@notboomrat.com,password,1646
qaemail506@notboomrat.com,password,1647
qaemail507@notboomrat.com,password,1648
qaemail508@notboomrat.com,password,1649
qaemail509@notboomrat.com,password,1650
qaemail510@notboomrat.com,password,1651
qaemail511@notboomrat.com,password,1652
qaemail512@notboomrat.com,password,1653
qaemail513@notboomrat.com,password,1654
qaemail514@notboomrat.com,password,1655
qaemail515@notboomrat.com,password,1656
qaemail516@notboomrat.com,password,1657
qaemail517@notboomrat.com,password,1658
qaemail518@notboomrat.com,password,1659
qaemail519@notboomrat.com,password,1660
qaemail520@notboomrat.com,password,1661
qaemail521@notboomrat.com,password,1662
qaemail522@notboomrat.com,password,1663
qaemail523@notboomrat.com,password,1664
qaemail524@notboomrat.com,password,1665
qaemail525@notboomrat.com,password,1666
qaemail526@notboomrat.com,password,1667
qaemail527@notboomrat.com,password,1668
qaemail528@notboomrat.com,password,1669
qaemail529@notboomrat.com,password,1670
qaemail530@notboomrat.com,password,1671
qaemail531@notboomrat.com,password,1672
qaemail532@notboomrat.com,password,1673
qaemail533@notboomrat.com,password,1674
qaemail534@notboomrat.com,password,1675
qaemail535@notboomrat.com,password,1676
qaemail536@notboomrat.com,password,1677
qaemail537@notboomrat.com,password,1678
qaemail538@notboomrat.com,password,1679
qaemail539@notboomrat.com,password,1680
qaemail540@notboomrat.com,password,1681
qaemail541@notboomrat.com,password,1682
qaemail542@notboomrat.com,password,1683
qaemail543@notboomrat.com,password,1684
qaemail544@notboomrat.com,password,1685
qaemail545@notboomrat.com,password,1686
qaemail546@notboomrat.com,password,1687
qaemail547@notboomrat.com,password,1688
qaemail548@notboomrat.com,password,1689
qaemail549@notboomrat.com,password,1690
qaemail550@notboomrat.com,password,1691
qaemail551@notboomrat.com,password,1692
qaemail552@notboomrat.com,password,1693
qaemail553@notboomrat.com,password,1694
qaemail554@notboomrat.com,password,1695
qaemail555@notboomrat.com,password,1696
qaemail556@notboomrat.com,password,1697
qaemail557@notboomrat.com,password,1698
qaemail558@notboomrat.com,password,1699
qaemail559@notboomrat.com,password,1700
qaemail560@notboomrat.com,password,1701
qaemail561@notboomrat.com,password,1702
qaemail562@notboomrat.com,password,1703
qaemail563@notboomrat.com,password,1704
qaemail564@notboomrat.com,password,1705
qaemail565@notboomrat.com,password,1706
qaemail566@notboomrat.com,password,1707
qaemail567@notboomrat.com,password,1708
qaemail568@notboomrat.com,password,1709
qaemail569@notboomrat.com,password,1710
qaemail570@notboomrat.com,password,1711
qaemail571@notboomrat.com,password,1712
qaemail572@notboomrat.com,password,1713
qaemail573@notboomrat.com,password,1714
qaemail574@notboomrat.com,password,1715
qaemail575@notboomrat.com,password,1716
qaemail576@notboomrat.com,password,1717
qaemail577@notboomrat.com,password,1718
qaemail578@notboomrat.com,password,1719
qaemail579@notboomrat.com,password,1720
qaemail580@notboomrat.com,password,1721
qaemail581@notboomrat.com,password,1722
qaemail582@notboomrat.com,password,1723
qaemail583@notboomrat.com,password,1724
qaemail584@notboomrat.com,password,1725
qaemail585@notboomrat.com,password,1726
qaemail586@notboomrat.com,password,1727
qaemail587@notboomrat.com,password,1728
qaemail588@notboomrat.com,password,1729
qaemail589@notboomrat.com,password,1730
qaemail590@notboomrat.com,password,1731
qaemail591@notboomrat.com,password,1732
qaemail592@notboomrat.com,password,1733
qaemail593@notboomrat.com,password,1734
qaemail594@notboomrat.com,password,1735
qaemail595@notboomrat.com,password,1736
qaemail596@notboomrat.com,password,1737
qaemail597@notboomrat.com,password,1738
qaemail598@notboomrat.com,password,1739
qaemail599@notboomrat.com,password,1740
qaemail600@notboomrat.com,password,1741
